{
    "data": [
    	{
            "id": 1,
    		"title": "All Day Event",
    		"start": "2023-01-03"
    	},
    	{
            "id": 2,
    		"title": "Long Event",
    		"start": "2023-01-09",
    		"end": "2023-01-12"
    	},
    	{
    		"id": 3,
    		"title": "Repeating Event",
    		"start": "2023-01-11T16:00:00"
    	},
    	{
    		"id": 4,
    		"title": "Repeating Event",
    		"start": "2023-01-18T16:00:00"
    	},
    	{
            "id": 5,
    		"title": "Conference",
    		"start": "2023-01-13",
    		"end": "2023-01-15"
    	},
    	{
            "id": 6,
    		"title": "Meeting",
    		"start": "2023-01-14T10:30:00",
    		"end": "2023-01-14T12:30:00"
    	},
    	{
            "id": 7,
    		"title": "Lunch",
    		"start": "2023-01-14T12:00:00"
    	},
    	{
            "id": 8,
    		"title": "Meeting",
    		"start": "2023-01-14T14:30:00"
    	},
    	{
            "id": 9,
    		"title": "Happy Hour",
    		"start": "2023-01-14T17:30:00"
    	},
    	{
            "id": 10,
    		"title": "Dinner",
    		"start": "2023-01-14T20:00:00"
    	},
    	{
            "id": 11,
    		"title": "Birthday Party",
    		"start": "2023-01-15T07:00:00"
    	},
    	{
            "id": 12,
    		"title": "Click for Google",
    		"url": "http://google.com/",
    		"start": "2023-01-30"
    	}
    ]
}
